{
  "min": [
    -0.9375,
    -0.9375,
    -0.9375,
    -0.18857142329216003,
    -0.3675000071525574,
    -0.36000001430511475,
    -1.0
  ],
  "max": [
    0.9375,
    0.9375,
    0.9375,
    0.1971428543329239,
    0.3310714364051819,
    0.375,
    1.0
  ],
  "mean": [
    0.1504078507423401,
    0.1412605196237564,
    -0.1851707398891449,
    -0.0046488749794662,
    -0.012677608989179134,
    -0.018484242260456085,
    0.185618594288826
  ],
  "std": [
    0.4260872006416321,
    0.3547387719154358,
    0.5155630111694336,
    0.03838201239705086,
    0.07241197675466537,
    0.05901244655251503,
    0.9829202890396118
  ],
  "n_steps": 101520,
  "action_dim": 7,
  "source_jsonl": "data/splits/adapter_franka.jsonl"
}